currentweight,result,stays,validationproblem,inteval
"[1, 0]",7,2,29,19
"[0.5, 0.5]",16,1,29,19
"[0, 1]",37,6,29,19
"[1, 0]",7,2,29,19
"[0.5, 0.5]",15,1,29,19
"[0, 1]",25,5,29,19
"[1, 0]",7,2,29,19
"[0.5, 0.5]",41,7,29,19
"[0, 1]",56,5,29,19
"[1, 0]",7,2,29,19
"[0.5, 0.5]",37,4,29,19
"[0, 1]",83,9,29,19
"[1, 0]",7,2,29,19
"[0.5, 0.5]",54,5,29,19
"[0, 1]",158,14,29,19
"[1, 0]",7,2,29,19
"[0.5, 0.5]",26,5,29,19
"[0, 1]",68,5,29,19
"[1, 0]",7,2,29,19
"[0.5, 0.5]",37,2,29,19
"[0, 1]",14,2,29,19
"[1, 0]",7,2,29,19
"[0.5, 0.5]",26,3,29,19
"[0, 1]",42,2,29,19
"[1, 0]",7,2,29,19
"[0.5, 0.5]",35,2,29,19
"[0, 1]",29,5,29,19
"[1, 0]",7,2,29,19
"[0.5, 0.5]",29,4,29,19
"[0, 1]",22,2,29,19
"[1, 0]",7,2,29,19
"[0.5, 0.5]",92,13,29,19
"[0, 1]",34,7,29,19
"[1, 0]",7,2,29,19
"[0.5, 0.5]",65,4,29,19
"[0, 1]",16,3,29,19
"[1, 0]",7,2,29,19
"[0.5, 0.5]",44,9,29,19
"[0, 1]",32,8,29,19
"[1, 0]",7,2,29,19
"[0.5, 0.5]",48,9,29,19
"[0, 1]",17,4,29,19
"[1, 0]",7,2,29,19
"[0.5, 0.5]",46,5,29,19
"[0, 1]",75,9,29,19
"[1, 0]",7,2,29,19
"[0.5, 0.5]",42,6,29,19
"[0, 1]",61,3,29,19
"[1, 0]",7,2,29,19
"[0.5, 0.5]",10,0,29,19
"[0, 1]",79,10,29,19
"[1, 0]",7,2,29,19
"[0.5, 0.5]",16,2,29,19
"[0, 1]",16,1,29,19
"[1, 0]",7,2,29,19
"[0.5, 0.5]",29,1,29,19
"[0, 1]",51,5,29,19
"[1, 0]",7,2,29,19
"[0.5, 0.5]",24,3,29,19
"[0, 1]",125,13,29,19
"[1, 0]",7,2,29,19
"[0.5, 0.5]",18,1,29,19
"[0, 1]",29,3,29,19
"[1, 0]",7,2,29,19
"[0.5, 0.5]",36,3,29,19
"[0, 1]",63,8,29,19
"[1, 0]",7,2,29,19
"[0.5, 0.5]",13,1,29,19
"[0, 1]",26,2,29,19
"[1, 0]",7,2,29,19
"[0.5, 0.5]",74,14,29,19
"[0, 1]",45,6,29,19
"[1, 0]",7,2,29,19
"[0.5, 0.5]",68,9,29,19
"[0, 1]",31,5,29,19
"[1, 0]",7,2,29,19
"[0.5, 0.5]",9,0,29,19
"[0, 1]",126,17,29,19
"[1, 0]",7,2,29,19
"[0.5, 0.5]",114,11,29,19
"[0, 1]",32,2,29,19
"[1, 0]",7,2,29,19
"[0.5, 0.5]",123,16,29,19
"[0, 1]",18,3,29,19
"[1, 0]",7,2,29,19
"[0.5, 0.5]",11,3,29,19
"[0, 1]",17,1,29,19
"[1, 0]",7,2,29,19
"[0.5, 0.5]",29,4,29,19
"[0, 1]",57,7,29,19
"[1, 0]",7,2,29,39
"[0.5, 0.5]",95,13,29,39
"[0, 1]",15,3,29,39
"[1, 0]",7,2,29,39
"[0.5, 0.5]",23,3,29,39
"[0, 1]",19,3,29,39
"[1, 0]",7,2,29,39
"[0.5, 0.5]",39,8,29,39
"[0, 1]",17,2,29,39
"[1, 0]",7,2,29,39
"[0.5, 0.5]",110,11,29,39
"[0, 1]",73,9,29,39
"[1, 0]",7,2,29,39
"[0.5, 0.5]",23,2,29,39
"[0, 1]",132,10,29,39
"[1, 0]",7,2,29,39
"[0.5, 0.5]",23,3,29,39
"[0, 1]",47,8,29,39
"[1, 0]",7,2,29,39
"[0.5, 0.5]",48,6,29,39
"[0, 1]",43,4,29,39
"[1, 0]",7,2,29,39
"[0.5, 0.5]",16,1,29,39
"[0, 1]",19,4,29,39
"[1, 0]",7,2,29,39
"[0.5, 0.5]",45,5,29,39
"[0, 1]",12,2,29,39
"[1, 0]",7,2,29,39
"[0.5, 0.5]",29,2,29,39
"[0, 1]",81,7,29,39
"[1, 0]",7,2,29,39
"[0.5, 0.5]",19,1,29,39
"[0, 1]",35,6,29,39
"[1, 0]",7,2,29,39
"[0.5, 0.5]",27,4,29,39
"[0, 1]",107,17,29,39
"[1, 0]",7,2,29,39
"[0.5, 0.5]",46,5,29,39
"[0, 1]",25,4,29,39
"[1, 0]",7,2,29,39
"[0.5, 0.5]",10,2,29,39
"[0, 1]",15,1,29,39
"[1, 0]",7,2,29,39
"[0.5, 0.5]",36,4,29,39
"[0, 1]",40,7,29,39
"[1, 0]",7,2,29,39
"[0.5, 0.5]",67,9,29,39
"[0, 1]",14,2,29,39
"[1, 0]",7,2,29,39
"[0.5, 0.5]",34,3,29,39
"[0, 1]",67,8,29,39
"[1, 0]",7,2,29,39
"[0.5, 0.5]",138,17,29,39
"[0, 1]",65,10,29,39
"[1, 0]",7,2,29,39
"[0.5, 0.5]",110,16,29,39
"[0, 1]",38,7,29,39
"[1, 0]",7,2,29,39
"[0.5, 0.5]",63,8,29,39
"[0, 1]",44,6,29,39
"[1, 0]",7,2,29,39
"[0.5, 0.5]",27,3,29,39
"[0, 1]",11,0,29,39
"[1, 0]",7,2,29,39
"[0.5, 0.5]",122,18,29,39
"[0, 1]",14,0,29,39
"[1, 0]",7,2,29,39
"[0.5, 0.5]",65,11,29,39
"[0, 1]",111,16,29,39
"[1, 0]",7,2,29,39
"[0.5, 0.5]",26,2,29,39
"[0, 1]",58,13,29,39
"[1, 0]",7,2,29,39
"[0.5, 0.5]",36,3,29,39
"[0, 1]",11,3,29,39
"[1, 0]",7,2,29,39
"[0.5, 0.5]",38,7,29,39
"[0, 1]",30,1,29,39
"[1, 0]",7,2,29,39
"[0.5, 0.5]",154,18,29,39
"[0, 1]",15,1,29,39
"[1, 0]",7,2,29,39
"[0.5, 0.5]",21,5,29,39
"[0, 1]",93,6,29,39
"[1, 0]",7,2,29,39
"[0.5, 0.5]",18,5,29,39
"[0, 1]",26,4,29,39
"[1, 0]",7,2,29,39
"[0.5, 0.5]",21,3,29,39
"[0, 1]",149,16,29,39
"[1, 0]",7,2,29,59
"[0.5, 0.5]",32,6,29,59
"[0, 1]",14,2,29,59
"[1, 0]",7,2,29,59
"[0.5, 0.5]",18,3,29,59
"[0, 1]",24,1,29,59
"[1, 0]",7,2,29,59
"[0.5, 0.5]",25,1,29,59
"[0, 1]",22,0,29,59
"[1, 0]",7,2,29,59
"[0.5, 0.5]",2223,15,29,59
"[0, 1]",15,0,29,59
"[1, 0]",7,2,29,59
"[0.5, 0.5]",32,1,29,59
"[0, 1]",34,5,29,59
"[1, 0]",7,2,29,59
"[0.5, 0.5]",14,5,29,59
"[0, 1]",19,1,29,59
"[1, 0]",7,2,29,59
"[0.5, 0.5]",41,5,29,59
"[0, 1]",53,4,29,59
"[1, 0]",7,2,29,59
"[0.5, 0.5]",31,2,29,59
"[0, 1]",26,4,29,59
"[1, 0]",7,2,29,59
"[0.5, 0.5]",16,3,29,59
"[0, 1]",37,5,29,59
"[1, 0]",7,2,29,59
"[0.5, 0.5]",26,2,29,59
"[0, 1]",33,8,29,59
"[1, 0]",7,2,29,59
"[0.5, 0.5]",61,7,29,59
"[0, 1]",89,8,29,59
"[1, 0]",7,2,29,59
"[0.5, 0.5]",22,5,29,59
"[0, 1]",24,3,29,59
"[1, 0]",7,2,29,59
"[0.5, 0.5]",2223,2,29,59
"[0, 1]",76,9,29,59
"[1, 0]",7,2,29,59
"[0.5, 0.5]",33,4,29,59
"[0, 1]",57,10,29,59
"[1, 0]",7,2,29,59
"[0.5, 0.5]",62,6,29,59
"[0, 1]",49,9,29,59
"[1, 0]",7,2,29,59
"[0.5, 0.5]",12,2,29,59
"[0, 1]",50,4,29,59
"[1, 0]",7,2,29,59
"[0.5, 0.5]",63,6,29,59
"[0, 1]",2223,2,29,59
"[1, 0]",7,2,29,59
"[0.5, 0.5]",38,5,29,59
"[0, 1]",90,11,29,59
"[1, 0]",7,2,29,59
"[0.5, 0.5]",11,1,29,59
"[0, 1]",22,3,29,59
"[1, 0]",7,2,29,59
"[0.5, 0.5]",63,8,29,59
"[0, 1]",15,2,29,59
"[1, 0]",7,2,29,59
"[0.5, 0.5]",59,8,29,59
"[0, 1]",29,6,29,59
"[1, 0]",7,2,29,59
"[0.5, 0.5]",30,4,29,59
"[0, 1]",31,5,29,59
"[1, 0]",7,2,29,59
"[0.5, 0.5]",100,5,29,59
"[0, 1]",83,7,29,59
"[1, 0]",7,2,29,59
"[0.5, 0.5]",85,8,29,59
"[0, 1]",94,13,29,59
"[1, 0]",7,2,29,59
"[0.5, 0.5]",59,6,29,59
"[0, 1]",19,3,29,59
"[1, 0]",7,2,29,59
"[0.5, 0.5]",34,8,29,59
"[0, 1]",2223,6,29,59
"[1, 0]",7,2,29,59
"[0.5, 0.5]",33,7,29,59
"[0, 1]",55,12,29,59
"[1, 0]",7,2,29,59
"[0.5, 0.5]",11,0,29,59
"[0, 1]",24,3,29,59
"[1, 0]",7,2,29,59
"[0.5, 0.5]",22,3,29,59
"[0, 1]",48,2,29,59
"[1, 0]",7,2,29,59
"[0.5, 0.5]",59,11,29,59
"[0, 1]",44,9,29,59
"[1, 0]",7,2,29,79
"[0.5, 0.5]",26,2,29,79
"[0, 1]",43,3,29,79
"[1, 0]",7,2,29,79
"[0.5, 0.5]",20,4,29,79
"[0, 1]",20,3,29,79
"[1, 0]",7,2,29,79
"[0.5, 0.5]",33,5,29,79
"[0, 1]",2223,3,29,79
"[1, 0]",7,2,29,79
"[0.5, 0.5]",59,13,29,79
"[0, 1]",16,2,29,79
"[1, 0]",7,2,29,79
"[0.5, 0.5]",43,2,29,79
"[0, 1]",66,8,29,79
"[1, 0]",7,2,29,79
"[0.5, 0.5]",26,7,29,79
"[0, 1]",20,4,29,79
"[1, 0]",7,2,29,79
"[0.5, 0.5]",22,3,29,79
"[0, 1]",2223,11,29,79
"[1, 0]",7,2,29,79
"[0.5, 0.5]",19,2,29,79
"[0, 1]",21,4,29,79
"[1, 0]",7,2,29,79
"[0.5, 0.5]",31,4,29,79
"[0, 1]",10,2,29,79
"[1, 0]",7,2,29,79
"[0.5, 0.5]",80,8,29,79
"[0, 1]",9,3,29,79
"[1, 0]",7,2,29,79
"[0.5, 0.5]",99,11,29,79
"[0, 1]",22,3,29,79
"[1, 0]",7,2,29,79
"[0.5, 0.5]",21,2,29,79
"[0, 1]",61,7,29,79
"[1, 0]",7,2,29,79
"[0.5, 0.5]",43,6,29,79
"[0, 1]",2223,2,29,79
"[1, 0]",7,2,29,79
"[0.5, 0.5]",27,3,29,79
"[0, 1]",59,5,29,79
"[1, 0]",7,2,29,79
"[0.5, 0.5]",33,3,29,79
"[0, 1]",2223,1,29,79
"[1, 0]",7,2,29,79
"[0.5, 0.5]",2223,1,29,79
"[0, 1]",35,3,29,79
"[1, 0]",7,2,29,79
"[0.5, 0.5]",2223,3,29,79
"[0, 1]",30,2,29,79
"[1, 0]",7,2,29,79
"[0.5, 0.5]",46,6,29,79
"[0, 1]",20,4,29,79
"[1, 0]",7,2,29,79
"[0.5, 0.5]",33,5,29,79
"[0, 1]",12,1,29,79
"[1, 0]",7,2,29,79
"[0.5, 0.5]",58,8,29,79
"[0, 1]",67,6,29,79
"[1, 0]",7,2,29,79
"[0.5, 0.5]",32,7,29,79
"[0, 1]",47,9,29,79
"[1, 0]",7,2,29,79
"[0.5, 0.5]",42,7,29,79
"[0, 1]",62,4,29,79
"[1, 0]",7,2,29,79
"[0.5, 0.5]",38,3,29,79
"[0, 1]",19,2,29,79
"[1, 0]",7,2,29,79
"[0.5, 0.5]",111,10,29,79
"[0, 1]",47,8,29,79
"[1, 0]",7,2,29,79
"[0.5, 0.5]",17,1,29,79
"[0, 1]",57,10,29,79
"[1, 0]",7,2,29,79
"[0.5, 0.5]",91,4,29,79
"[0, 1]",68,9,29,79
"[1, 0]",7,2,29,79
"[0.5, 0.5]",28,2,29,79
"[0, 1]",23,1,29,79
"[1, 0]",7,2,29,79
"[0.5, 0.5]",31,1,29,79
"[0, 1]",12,2,29,79
"[1, 0]",7,2,29,79
"[0.5, 0.5]",2223,5,29,79
"[0, 1]",25,5,29,79
"[1, 0]",7,2,29,79
"[0.5, 0.5]",2223,6,29,79
"[0, 1]",20,5,29,79
"[1, 0]",7,2,29,99
"[0.5, 0.5]",2223,7,29,99
"[0, 1]",63,5,29,99
"[1, 0]",7,2,29,99
"[0.5, 0.5]",15,1,29,99
"[0, 1]",100,13,29,99
"[1, 0]",7,2,29,99
"[0.5, 0.5]",34,6,29,99
"[0, 1]",29,5,29,99
"[1, 0]",7,2,29,99
"[0.5, 0.5]",36,6,29,99
"[0, 1]",26,6,29,99
"[1, 0]",7,2,29,99
"[0.5, 0.5]",21,5,29,99
"[0, 1]",2223,3,29,99
"[1, 0]",7,2,29,99
"[0.5, 0.5]",15,1,29,99
"[0, 1]",21,4,29,99
"[1, 0]",7,2,29,99
"[0.5, 0.5]",42,6,29,99
"[0, 1]",117,13,29,99
"[1, 0]",7,2,29,99
"[0.5, 0.5]",10,3,29,99
"[0, 1]",143,15,29,99
"[1, 0]",7,2,29,99
"[0.5, 0.5]",76,6,29,99
"[0, 1]",16,1,29,99
"[1, 0]",7,2,29,99
"[0.5, 0.5]",2223,5,29,99
"[0, 1]",49,5,29,99
"[1, 0]",7,2,29,99
"[0.5, 0.5]",21,2,29,99
"[0, 1]",2223,6,29,99
"[1, 0]",7,2,29,99
"[0.5, 0.5]",2223,10,29,99
"[0, 1]",16,1,29,99
"[1, 0]",7,2,29,99
"[0.5, 0.5]",56,3,29,99
"[0, 1]",32,2,29,99
"[1, 0]",7,2,29,99
"[0.5, 0.5]",14,4,29,99
"[0, 1]",24,3,29,99
"[1, 0]",7,2,29,99
"[0.5, 0.5]",8,2,29,99
"[0, 1]",47,6,29,99
"[1, 0]",7,2,29,99
"[0.5, 0.5]",45,9,29,99
"[0, 1]",2223,8,29,99
"[1, 0]",7,2,29,99
"[0.5, 0.5]",30,1,29,99
"[0, 1]",76,14,29,99
"[1, 0]",7,2,29,99
"[0.5, 0.5]",22,3,29,99
"[0, 1]",26,3,29,99
"[1, 0]",7,2,29,99
"[0.5, 0.5]",63,9,29,99
"[0, 1]",32,3,29,99
"[1, 0]",7,2,29,99
"[0.5, 0.5]",2223,3,29,99
"[0, 1]",41,4,29,99
"[1, 0]",7,2,29,99
"[0.5, 0.5]",69,9,29,99
"[0, 1]",9,2,29,99
"[1, 0]",7,2,29,99
"[0.5, 0.5]",20,3,29,99
"[0, 1]",35,7,29,99
"[1, 0]",7,2,29,99
"[0.5, 0.5]",11,2,29,99
"[0, 1]",2223,7,29,99
"[1, 0]",7,2,29,99
"[0.5, 0.5]",15,3,29,99
"[0, 1]",47,5,29,99
"[1, 0]",7,2,29,99
"[0.5, 0.5]",29,2,29,99
"[0, 1]",46,5,29,99
"[1, 0]",7,2,29,99
"[0.5, 0.5]",19,2,29,99
"[0, 1]",37,6,29,99
"[1, 0]",7,2,29,99
"[0.5, 0.5]",20,2,29,99
"[0, 1]",15,3,29,99
"[1, 0]",7,2,29,99
"[0.5, 0.5]",24,4,29,99
"[0, 1]",25,4,29,99
"[1, 0]",7,2,29,99
"[0.5, 0.5]",28,3,29,99
"[0, 1]",9,2,29,99
"[1, 0]",7,2,29,99
"[0.5, 0.5]",54,7,29,99
"[0, 1]",14,2,29,99
"[1, 0]",7,2,29,119
"[0.5, 0.5]",13,2,29,119
"[0, 1]",9,3,29,119
"[1, 0]",7,2,29,119
"[0.5, 0.5]",27,7,29,119
"[0, 1]",36,4,29,119
"[1, 0]",7,2,29,119
"[0.5, 0.5]",34,6,29,119
"[0, 1]",57,11,29,119
"[1, 0]",7,2,29,119
"[0.5, 0.5]",84,7,29,119
"[0, 1]",54,7,29,119
"[1, 0]",7,2,29,119
"[0.5, 0.5]",16,0,29,119
"[0, 1]",62,3,29,119
"[1, 0]",7,2,29,119
"[0.5, 0.5]",37,4,29,119
"[0, 1]",2223,15,29,119
"[1, 0]",7,2,29,119
"[0.5, 0.5]",2223,7,29,119
"[0, 1]",2223,2,29,119
"[1, 0]",7,2,29,119
"[0.5, 0.5]",145,17,29,119
"[0, 1]",46,5,29,119
"[1, 0]",7,2,29,119
"[0.5, 0.5]",82,10,29,119
"[0, 1]",47,4,29,119
"[1, 0]",7,2,29,119
"[0.5, 0.5]",41,4,29,119
"[0, 1]",99,10,29,119
"[1, 0]",7,2,29,119
"[0.5, 0.5]",85,11,29,119
"[0, 1]",16,4,29,119
"[1, 0]",7,2,29,119
"[0.5, 0.5]",13,2,29,119
"[0, 1]",76,6,29,119
"[1, 0]",7,2,29,119
"[0.5, 0.5]",10,4,29,119
"[0, 1]",84,10,29,119
"[1, 0]",7,2,29,119
"[0.5, 0.5]",60,8,29,119
"[0, 1]",2223,4,29,119
"[1, 0]",7,2,29,119
"[0.5, 0.5]",121,17,29,119
"[0, 1]",104,7,29,119
"[1, 0]",7,2,29,119
"[0.5, 0.5]",50,5,29,119
"[0, 1]",82,17,29,119
"[1, 0]",7,2,29,119
"[0.5, 0.5]",24,4,29,119
"[0, 1]",2223,1,29,119
"[1, 0]",7,2,29,119
"[0.5, 0.5]",48,7,29,119
"[0, 1]",116,13,29,119
"[1, 0]",7,2,29,119
"[0.5, 0.5]",2223,3,29,119
"[0, 1]",2223,1,29,119
"[1, 0]",7,2,29,119
"[0.5, 0.5]",2223,8,29,119
"[0, 1]",21,5,29,119
"[1, 0]",7,2,29,119
"[0.5, 0.5]",80,11,29,119
"[0, 1]",25,4,29,119
"[1, 0]",7,2,29,119
"[0.5, 0.5]",2223,1,29,119
"[0, 1]",24,4,29,119
"[1, 0]",7,2,29,119
"[0.5, 0.5]",53,5,29,119
"[0, 1]",2223,2,29,119
"[1, 0]",7,2,29,119
"[0.5, 0.5]",71,3,29,119
"[0, 1]",47,2,29,119
"[1, 0]",7,2,29,119
"[0.5, 0.5]",30,2,29,119
"[0, 1]",52,5,29,119
"[1, 0]",7,2,29,119
"[0.5, 0.5]",49,7,29,119
"[0, 1]",19,4,29,119
"[1, 0]",7,2,29,119
"[0.5, 0.5]",38,8,29,119
"[0, 1]",73,8,29,119
"[1, 0]",7,2,29,119
"[0.5, 0.5]",25,3,29,119
"[0, 1]",32,5,29,119
"[1, 0]",7,2,29,119
"[0.5, 0.5]",35,3,29,119
"[0, 1]",21,2,29,119
"[1, 0]",7,2,29,119
"[0.5, 0.5]",41,8,29,119
"[0, 1]",85,9,29,119
"[1, 0]",7,2,29,139
"[0.5, 0.5]",631,57,29,139
"[0, 1]",64,9,29,139
"[1, 0]",7,2,29,139
"[0.5, 0.5]",87,10,29,139
"[0, 1]",23,1,29,139
"[1, 0]",7,2,29,139
"[0.5, 0.5]",179,26,29,139
"[0, 1]",34,3,29,139
"[1, 0]",7,2,29,139
"[0.5, 0.5]",27,4,29,139
"[0, 1]",43,8,29,139
"[1, 0]",7,2,29,139
"[0.5, 0.5]",208,19,29,139
"[0, 1]",54,8,29,139
"[1, 0]",7,2,29,139
"[0.5, 0.5]",117,10,29,139
"[0, 1]",41,4,29,139
"[1, 0]",7,2,29,139
"[0.5, 0.5]",2223,13,29,139
"[0, 1]",225,26,29,139
"[1, 0]",7,2,29,139
"[0.5, 0.5]",73,6,29,139
"[0, 1]",2223,47,29,139
"[1, 0]",7,2,29,139
"[0.5, 0.5]",2223,22,29,139
"[0, 1]",51,6,29,139
"[1, 0]",7,2,29,139
"[0.5, 0.5]",206,23,29,139
"[0, 1]",95,9,29,139
"[1, 0]",7,2,29,139
"[0.5, 0.5]",524,59,29,139
"[0, 1]",123,15,29,139
"[1, 0]",7,2,29,139
"[0.5, 0.5]",38,8,29,139
"[0, 1]",89,10,29,139
"[1, 0]",7,2,29,139
"[0.5, 0.5]",2223,9,29,139
"[0, 1]",207,23,29,139
"[1, 0]",7,2,29,139
"[0.5, 0.5]",124,13,29,139
"[0, 1]",83,9,29,139
"[1, 0]",7,2,29,139
"[0.5, 0.5]",256,19,29,139
"[0, 1]",71,10,29,139
"[1, 0]",7,2,29,139
"[0.5, 0.5]",393,39,29,139
"[0, 1]",131,10,29,139
"[1, 0]",7,2,29,139
"[0.5, 0.5]",19,2,29,139
"[0, 1]",2223,34,29,139
"[1, 0]",7,2,29,139
"[0.5, 0.5]",2223,8,29,139
"[0, 1]",2223,2,29,139
"[1, 0]",7,2,29,139
"[0.5, 0.5]",202,28,29,139
"[0, 1]",2223,6,29,139
"[1, 0]",7,2,29,139
"[0.5, 0.5]",98,8,29,139
"[0, 1]",136,12,29,139
"[1, 0]",7,2,29,139
"[0.5, 0.5]",2223,36,29,139
"[0, 1]",31,6,29,139
"[1, 0]",7,2,29,139
"[0.5, 0.5]",166,20,29,139
"[0, 1]",387,51,29,139
"[1, 0]",7,2,29,139
"[0.5, 0.5]",804,91,29,139
"[0, 1]",202,19,29,139
"[1, 0]",7,2,29,139
"[0.5, 0.5]",249,26,29,139
"[0, 1]",116,9,29,139
"[1, 0]",7,2,29,139
"[0.5, 0.5]",38,5,29,139
"[0, 1]",2223,19,29,139
"[1, 0]",7,2,29,139
"[0.5, 0.5]",18,3,29,139
"[0, 1]",106,11,29,139
"[1, 0]",7,2,29,139
"[0.5, 0.5]",59,8,29,139
"[0, 1]",2223,6,29,139
"[1, 0]",7,2,29,139
"[0.5, 0.5]",39,4,29,139
"[0, 1]",106,14,29,139
"[1, 0]",7,2,29,139
"[0.5, 0.5]",70,7,29,139
"[0, 1]",65,1,29,139
"[1, 0]",7,2,29,139
"[0.5, 0.5]",27,6,29,139
"[0, 1]",431,49,29,139
"[1, 0]",7,2,29,159
"[0.5, 0.5]",2223,12,29,159
"[0, 1]",2223,25,29,159
"[1, 0]",7,2,29,159
"[0.5, 0.5]",62,6,29,159
"[0, 1]",58,9,29,159
"[1, 0]",7,2,29,159
"[0.5, 0.5]",18,1,29,159
"[0, 1]",2223,17,29,159
"[1, 0]",7,2,29,159
"[0.5, 0.5]",2223,16,29,159
"[0, 1]",27,2,29,159
"[1, 0]",7,2,29,159
"[0.5, 0.5]",68,13,29,159
"[0, 1]",2223,4,29,159
"[1, 0]",7,2,29,159
"[0.5, 0.5]",110,15,29,159
"[0, 1]",299,32,29,159
"[1, 0]",7,2,29,159
"[0.5, 0.5]",315,23,29,159
"[0, 1]",2223,14,29,159
"[1, 0]",7,2,29,159
"[0.5, 0.5]",97,13,29,159
"[0, 1]",2223,27,29,159
"[1, 0]",7,2,29,159
"[0.5, 0.5]",2223,16,29,159
"[0, 1]",2223,19,29,159
"[1, 0]",7,2,29,159
"[0.5, 0.5]",37,1,29,159
"[0, 1]",222,21,29,159
"[1, 0]",7,2,29,159
"[0.5, 0.5]",2223,19,29,159
"[0, 1]",2223,10,29,159
"[1, 0]",7,2,29,159
"[0.5, 0.5]",2223,11,29,159
"[0, 1]",2223,25,29,159
"[1, 0]",7,2,29,159
"[0.5, 0.5]",2223,45,29,159
"[0, 1]",83,10,29,159
"[1, 0]",7,2,29,159
"[0.5, 0.5]",205,26,29,159
"[0, 1]",290,33,29,159
"[1, 0]",7,2,29,159
"[0.5, 0.5]",2223,52,29,159
"[0, 1]",2223,42,29,159
"[1, 0]",7,2,29,159
"[0.5, 0.5]",2223,15,29,159
"[0, 1]",356,46,29,159
"[1, 0]",7,2,29,159
"[0.5, 0.5]",2223,47,29,159
"[0, 1]",84,6,29,159
"[1, 0]",7,2,29,159
"[0.5, 0.5]",37,3,29,159
"[0, 1]",95,12,29,159
"[1, 0]",7,2,29,159
"[0.5, 0.5]",2223,8,29,159
"[0, 1]",118,18,29,159
"[1, 0]",7,2,29,159
"[0.5, 0.5]",260,26,29,159
"[0, 1]",2223,19,29,159
"[1, 0]",7,2,29,159
"[0.5, 0.5]",163,17,29,159
"[0, 1]",20,0,29,159
"[1, 0]",7,2,29,159
"[0.5, 0.5]",30,7,29,159
"[0, 1]",101,10,29,159
"[1, 0]",7,2,29,159
"[0.5, 0.5]",206,25,29,159
"[0, 1]",275,28,29,159
"[1, 0]",7,2,29,159
"[0.5, 0.5]",80,10,29,159
"[0, 1]",2223,2,29,159
"[1, 0]",7,2,29,159
"[0.5, 0.5]",2223,9,29,159
"[0, 1]",62,10,29,159
"[1, 0]",7,2,29,159
"[0.5, 0.5]",357,37,29,159
"[0, 1]",17,1,29,159
"[1, 0]",7,2,29,159
"[0.5, 0.5]",149,17,29,159
"[0, 1]",2223,6,29,159
"[1, 0]",7,2,29,159
"[0.5, 0.5]",139,18,29,159
"[0, 1]",20,3,29,159
"[1, 0]",7,2,29,159
"[0.5, 0.5]",133,17,29,159
"[0, 1]",2223,2,29,159
"[1, 0]",7,2,29,159
"[0.5, 0.5]",2223,11,29,159
"[0, 1]",29,5,29,159
"[1, 0]",7,2,29,179
"[0.5, 0.5]",18,3,29,179
"[0, 1]",41,5,29,179
"[1, 0]",7,2,29,179
"[0.5, 0.5]",175,19,29,179
"[0, 1]",397,42,29,179
"[1, 0]",7,2,29,179
"[0.5, 0.5]",2223,7,29,179
"[0, 1]",88,16,29,179
"[1, 0]",7,2,29,179
"[0.5, 0.5]",2223,2,29,179
"[0, 1]",124,10,29,179
"[1, 0]",7,2,29,179
"[0.5, 0.5]",141,14,29,179
"[0, 1]",271,32,29,179
"[1, 0]",7,2,29,179
"[0.5, 0.5]",2223,3,29,179
"[0, 1]",157,18,29,179
"[1, 0]",7,2,29,179
"[0.5, 0.5]",214,28,29,179
"[0, 1]",88,13,29,179
"[1, 0]",7,2,29,179
"[0.5, 0.5]",2533,44,29,179
"[0, 1]",2223,8,29,179
"[1, 0]",7,2,29,179
"[0.5, 0.5]",36,7,29,179
"[0, 1]",21,2,29,179
"[1, 0]",7,2,29,179
"[0.5, 0.5]",109,8,29,179
"[0, 1]",148,14,29,179
"[1, 0]",7,2,29,179
"[0.5, 0.5]",104,11,29,179
"[0, 1]",12,2,29,179
"[1, 0]",7,2,29,179
"[0.5, 0.5]",2223,13,29,179
"[0, 1]",2223,3,29,179
"[1, 0]",7,2,29,179
"[0.5, 0.5]",2223,16,29,179
"[0, 1]",165,21,29,179
"[1, 0]",7,2,29,179
"[0.5, 0.5]",108,7,29,179
"[0, 1]",55,7,29,179
"[1, 0]",7,2,29,179
"[0.5, 0.5]",175,19,29,179
"[0, 1]",262,32,29,179
"[1, 0]",7,2,29,179
"[0.5, 0.5]",2223,25,29,179
"[0, 1]",185,21,29,179
"[1, 0]",7,2,29,179
"[0.5, 0.5]",65,9,29,179
"[0, 1]",628,73,29,179
"[1, 0]",7,2,29,179
"[0.5, 0.5]",2223,7,29,179
"[0, 1]",189,17,29,179
"[1, 0]",7,2,29,179
"[0.5, 0.5]",20,1,29,179
"[0, 1]",58,1,29,179
"[1, 0]",7,2,29,179
"[0.5, 0.5]",286,35,29,179
"[0, 1]",97,9,29,179
"[1, 0]",7,2,29,179
"[0.5, 0.5]",66,9,29,179
"[0, 1]",122,14,29,179
"[1, 0]",7,2,29,179
"[0.5, 0.5]",695,89,29,179
"[0, 1]",242,25,29,179
"[1, 0]",7,2,29,179
"[0.5, 0.5]",65,10,29,179
"[0, 1]",54,3,29,179
"[1, 0]",7,2,29,179
"[0.5, 0.5]",133,8,29,179
"[0, 1]",129,16,29,179
"[1, 0]",7,2,29,179
"[0.5, 0.5]",324,22,29,179
"[0, 1]",252,29,29,179
"[1, 0]",7,2,29,179
"[0.5, 0.5]",56,3,29,179
"[0, 1]",199,26,29,179
"[1, 0]",7,2,29,179
"[0.5, 0.5]",32,3,29,179
"[0, 1]",2241,5,29,179
"[1, 0]",7,2,29,179
"[0.5, 0.5]",215,24,29,179
"[0, 1]",2223,7,29,179
"[1, 0]",7,2,29,179
"[0.5, 0.5]",2223,25,29,179
"[0, 1]",78,12,29,179
"[1, 0]",7,2,29,179
"[0.5, 0.5]",2223,7,29,179
"[0, 1]",2223,4,29,179
"[1, 0]",7,1,29,199
"[0.5, 0.5]",197,19,29,199
"[0, 1]",372,36,29,199
"[1, 0]",7,1,29,199
"[0.5, 0.5]",2223,3,29,199
"[0, 1]",2223,1,29,199
"[1, 0]",7,1,29,199
"[0.5, 0.5]",2223,8,29,199
"[0, 1]",110,16,29,199
"[1, 0]",7,1,29,199
"[0.5, 0.5]",48,6,29,199
"[0, 1]",43,5,29,199
"[1, 0]",7,1,29,199
"[0.5, 0.5]",529,62,29,199
"[0, 1]",263,31,29,199
"[1, 0]",7,1,29,199
"[0.5, 0.5]",11,0,29,199
"[0, 1]",166,23,29,199
"[1, 0]",7,1,29,199
"[0.5, 0.5]",779,69,29,199
"[0, 1]",205,29,29,199
"[1, 0]",7,1,29,199
"[0.5, 0.5]",23,2,29,199
"[0, 1]",295,32,29,199
"[1, 0]",7,1,29,199
"[0.5, 0.5]",16,3,29,199
"[0, 1]",33,4,29,199
"[1, 0]",7,1,29,199
"[0.5, 0.5]",35,2,29,199
"[0, 1]",157,18,29,199
"[1, 0]",7,1,29,199
"[0.5, 0.5]",214,26,29,199
"[0, 1]",2223,13,29,199
"[1, 0]",7,1,29,199
"[0.5, 0.5]",2223,15,29,199
"[0, 1]",81,9,29,199
"[1, 0]",7,1,29,199
"[0.5, 0.5]",2223,11,29,199
"[0, 1]",94,14,29,199
"[1, 0]",7,1,29,199
"[0.5, 0.5]",2223,18,29,199
"[0, 1]",95,7,29,199
"[1, 0]",7,1,29,199
"[0.5, 0.5]",63,11,29,199
"[0, 1]",263,24,29,199
"[1, 0]",7,1,29,199
"[0.5, 0.5]",132,14,29,199
"[0, 1]",44,7,29,199
"[1, 0]",7,1,29,199
"[0.5, 0.5]",302,32,29,199
"[0, 1]",29,2,29,199
"[1, 0]",7,1,29,199
"[0.5, 0.5]",2223,5,29,199
"[0, 1]",161,20,29,199
"[1, 0]",7,1,29,199
"[0.5, 0.5]",37,5,29,199
"[0, 1]",402,54,29,199
"[1, 0]",7,1,29,199
"[0.5, 0.5]",24,2,29,199
"[0, 1]",28,3,29,199
"[1, 0]",7,1,29,199
"[0.5, 0.5]",63,8,29,199
"[0, 1]",292,33,29,199
"[1, 0]",7,1,29,199
"[0.5, 0.5]",2223,21,29,199
"[0, 1]",261,33,29,199
"[1, 0]",7,1,29,199
"[0.5, 0.5]",161,19,29,199
"[0, 1]",23,3,29,199
"[1, 0]",7,1,29,199
"[0.5, 0.5]",169,16,29,199
"[0, 1]",84,19,29,199
"[1, 0]",7,1,29,199
"[0.5, 0.5]",59,4,29,199
"[0, 1]",218,25,29,199
"[1, 0]",7,1,29,199
"[0.5, 0.5]",2223,35,29,199
"[0, 1]",155,14,29,199
"[1, 0]",7,1,29,199
"[0.5, 0.5]",103,11,29,199
"[0, 1]",56,4,29,199
"[1, 0]",7,1,29,199
"[0.5, 0.5]",33,7,29,199
"[0, 1]",2223,53,29,199
"[1, 0]",7,1,29,199
"[0.5, 0.5]",16,1,29,199
"[0, 1]",192,20,29,199
"[1, 0]",7,1,29,199
"[0.5, 0.5]",2223,3,29,199
"[0, 1]",2223,14,29,199
"[1, 0]",6,1,29,219
"[0.5, 0.5]",2223,15,29,219
"[0, 1]",21,1,29,219
"[1, 0]",6,1,29,219
"[0.5, 0.5]",2223,8,29,219
"[0, 1]",223,29,29,219
"[1, 0]",6,1,29,219
"[0.5, 0.5]",37,5,29,219
"[0, 1]",101,12,29,219
"[1, 0]",6,1,29,219
"[0.5, 0.5]",128,18,29,219
"[0, 1]",100,12,29,219
"[1, 0]",6,1,29,219
"[0.5, 0.5]",2223,11,29,219
"[0, 1]",2223,18,29,219
"[1, 0]",6,1,29,219
"[0.5, 0.5]",2223,11,29,219
"[0, 1]",467,49,29,219
"[1, 0]",6,1,29,219
"[0.5, 0.5]",2223,28,29,219
"[0, 1]",154,15,29,219
"[1, 0]",6,1,29,219
"[0.5, 0.5]",23,3,29,219
"[0, 1]",22,4,29,219
"[1, 0]",6,1,29,219
"[0.5, 0.5]",14,3,29,219
"[0, 1]",112,11,29,219
"[1, 0]",6,1,29,219
"[0.5, 0.5]",68,9,29,219
"[0, 1]",311,41,29,219
"[1, 0]",6,1,29,219
"[0.5, 0.5]",37,6,29,219
"[0, 1]",287,24,29,219
"[1, 0]",6,1,29,219
"[0.5, 0.5]",2223,19,29,219
"[0, 1]",2223,4,29,219
"[1, 0]",6,1,29,219
"[0.5, 0.5]",190,23,29,219
"[0, 1]",108,14,29,219
"[1, 0]",6,1,29,219
"[0.5, 0.5]",70,10,29,219
"[0, 1]",2223,19,29,219
"[1, 0]",6,1,29,219
"[0.5, 0.5]",18,2,29,219
"[0, 1]",2223,12,29,219
"[1, 0]",6,1,29,219
"[0.5, 0.5]",71,9,29,219
"[0, 1]",81,14,29,219
"[1, 0]",6,1,29,219
"[0.5, 0.5]",63,7,29,219
"[0, 1]",305,28,29,219
"[1, 0]",6,1,29,219
"[0.5, 0.5]",16,1,29,219
"[0, 1]",230,25,29,219
"[1, 0]",6,1,29,219
"[0.5, 0.5]",110,13,29,219
"[0, 1]",60,6,29,219
"[1, 0]",6,1,29,219
"[0.5, 0.5]",104,12,29,219
"[0, 1]",2223,9,29,219
"[1, 0]",6,1,29,219
"[0.5, 0.5]",2223,18,29,219
"[0, 1]",21,2,29,219
"[1, 0]",6,1,29,219
"[0.5, 0.5]",195,18,29,219
"[0, 1]",41,4,29,219
"[1, 0]",6,1,29,219
"[0.5, 0.5]",180,18,29,219
"[0, 1]",2223,1,29,219
"[1, 0]",6,1,29,219
"[0.5, 0.5]",52,3,29,219
"[0, 1]",42,6,29,219
"[1, 0]",6,1,29,219
"[0.5, 0.5]",2223,3,29,219
"[0, 1]",277,26,29,219
"[1, 0]",6,1,29,219
"[0.5, 0.5]",2223,4,29,219
"[0, 1]",2223,1,29,219
"[1, 0]",6,1,29,219
"[0.5, 0.5]",2223,9,29,219
"[0, 1]",242,28,29,219
"[1, 0]",6,1,29,219
"[0.5, 0.5]",119,12,29,219
"[0, 1]",25,2,29,219
"[1, 0]",6,1,29,219
"[0.5, 0.5]",2223,5,29,219
"[0, 1]",240,21,29,219
"[1, 0]",6,1,29,219
"[0.5, 0.5]",2223,42,29,219
"[0, 1]",91,13,29,219
"[1, 0]",6,1,29,239
"[0.5, 0.5]",208,19,29,239
"[0, 1]",83,10,29,239
"[1, 0]",6,1,29,239
"[0.5, 0.5]",210,26,29,239
"[0, 1]",213,23,29,239
"[1, 0]",6,1,29,239
"[0.5, 0.5]",75,8,29,239
"[0, 1]",133,19,29,239
"[1, 0]",6,1,29,239
"[0.5, 0.5]",64,5,29,239
"[0, 1]",144,16,29,239
"[1, 0]",6,1,29,239
"[0.5, 0.5]",2223,18,29,239
"[0, 1]",609,71,29,239
"[1, 0]",6,1,29,239
"[0.5, 0.5]",2223,17,29,239
"[0, 1]",2223,7,29,239
"[1, 0]",6,1,29,239
"[0.5, 0.5]",81,7,29,239
"[0, 1]",81,10,29,239
"[1, 0]",6,1,29,239
"[0.5, 0.5]",127,17,29,239
"[0, 1]",148,20,29,239
"[1, 0]",6,1,29,239
"[0.5, 0.5]",82,7,29,239
"[0, 1]",63,6,29,239
"[1, 0]",6,1,29,239
"[0.5, 0.5]",137,18,29,239
"[0, 1]",110,18,29,239
"[1, 0]",6,1,29,239
"[0.5, 0.5]",247,27,29,239
"[0, 1]",2223,1,29,239
"[1, 0]",6,1,29,239
"[0.5, 0.5]",17,2,29,239
"[0, 1]",71,9,29,239
"[1, 0]",6,1,29,239
"[0.5, 0.5]",32,1,29,239
"[0, 1]",89,7,29,239
"[1, 0]",6,1,29,239
"[0.5, 0.5]",45,10,29,239
"[0, 1]",71,11,29,239
"[1, 0]",6,1,29,239
"[0.5, 0.5]",67,7,29,239
"[0, 1]",227,23,29,239
"[1, 0]",6,1,29,239
"[0.5, 0.5]",351,42,29,239
"[0, 1]",52,6,29,239
"[1, 0]",6,1,29,239
"[0.5, 0.5]",70,11,29,239
"[0, 1]",34,7,29,239
"[1, 0]",6,1,29,239
"[0.5, 0.5]",425,47,29,239
"[0, 1]",508,61,29,239
"[1, 0]",6,1,29,239
"[0.5, 0.5]",101,11,29,239
"[0, 1]",2223,1,29,239
"[1, 0]",6,1,29,239
"[0.5, 0.5]",295,42,29,239
"[0, 1]",56,6,29,239
"[1, 0]",6,1,29,239
"[0.5, 0.5]",60,8,29,239
"[0, 1]",58,6,29,239
"[1, 0]",6,1,29,239
"[0.5, 0.5]",2223,46,29,239
"[0, 1]",253,34,29,239
"[1, 0]",6,1,29,239
"[0.5, 0.5]",126,10,29,239
"[0, 1]",122,9,29,239
"[1, 0]",6,1,29,239
"[0.5, 0.5]",2223,10,29,239
"[0, 1]",163,18,29,239
"[1, 0]",6,1,29,239
"[0.5, 0.5]",2223,29,29,239
"[0, 1]",2223,20,29,239
"[1, 0]",6,1,29,239
"[0.5, 0.5]",46,8,29,239
"[0, 1]",175,22,29,239
"[1, 0]",6,1,29,239
"[0.5, 0.5]",86,12,29,239
"[0, 1]",2223,7,29,239
"[1, 0]",6,1,29,239
"[0.5, 0.5]",2223,22,29,239
"[0, 1]",65,6,29,239
"[1, 0]",6,1,29,239
"[0.5, 0.5]",63,6,29,239
"[0, 1]",2223,11,29,239
"[1, 0]",6,1,29,239
"[0.5, 0.5]",74,5,29,239
"[0, 1]",29,4,29,239
"[1, 0]",6,1,29,259
"[0.5, 0.5]",170,32,29,259
"[0, 1]",118,14,29,259
"[1, 0]",6,1,29,259
"[0.5, 0.5]",263,28,29,259
"[0, 1]",91,11,29,259
"[1, 0]",6,1,29,259
"[0.5, 0.5]",105,12,29,259
"[0, 1]",123,15,29,259
"[1, 0]",6,1,29,259
"[0.5, 0.5]",2223,83,29,259
"[0, 1]",192,26,29,259
"[1, 0]",6,1,29,259
"[0.5, 0.5]",240,21,29,259
"[0, 1]",2223,8,29,259
"[1, 0]",6,1,29,259
"[0.5, 0.5]",35,3,29,259
"[0, 1]",2223,2,29,259
"[1, 0]",6,1,29,259
"[0.5, 0.5]",98,12,29,259
"[0, 1]",2223,3,29,259
"[1, 0]",6,1,29,259
"[0.5, 0.5]",904,104,29,259
"[0, 1]",68,6,29,259
"[1, 0]",6,1,29,259
"[0.5, 0.5]",30,4,29,259
"[0, 1]",2223,5,29,259
"[1, 0]",6,1,29,259
"[0.5, 0.5]",236,19,29,259
"[0, 1]",320,34,29,259
"[1, 0]",6,1,29,259
"[0.5, 0.5]",40,4,29,259
"[0, 1]",2223,24,29,259
"[1, 0]",6,1,29,259
"[0.5, 0.5]",223,33,29,259
"[0, 1]",14,1,29,259
"[1, 0]",6,1,29,259
"[0.5, 0.5]",73,9,29,259
"[0, 1]",130,11,29,259
"[1, 0]",6,1,29,259
"[0.5, 0.5]",633,65,29,259
"[0, 1]",74,8,29,259
"[1, 0]",6,1,29,259
"[0.5, 0.5]",84,7,29,259
"[0, 1]",22,6,29,259
"[1, 0]",6,1,29,259
"[0.5, 0.5]",134,16,29,259
"[0, 1]",2223,4,29,259
"[1, 0]",6,1,29,259
"[0.5, 0.5]",99,12,29,259
"[0, 1]",169,24,29,259
"[1, 0]",6,1,29,259
"[0.5, 0.5]",114,11,29,259
"[0, 1]",2223,9,29,259
"[1, 0]",6,1,29,259
"[0.5, 0.5]",51,8,29,259
"[0, 1]",72,14,29,259
"[1, 0]",6,1,29,259
"[0.5, 0.5]",488,57,29,259
"[0, 1]",51,4,29,259
"[1, 0]",6,1,29,259
"[0.5, 0.5]",239,16,29,259
"[0, 1]",288,32,29,259
"[1, 0]",6,1,29,259
"[0.5, 0.5]",263,27,29,259
"[0, 1]",188,18,29,259
"[1, 0]",6,1,29,259
"[0.5, 0.5]",153,14,29,259
"[0, 1]",292,38,29,259
"[1, 0]",6,1,29,259
"[0.5, 0.5]",27,8,29,259
"[0, 1]",2223,5,29,259
"[1, 0]",6,1,29,259
"[0.5, 0.5]",2223,14,29,259
"[0, 1]",2223,4,29,259
"[1, 0]",6,1,29,259
"[0.5, 0.5]",126,16,29,259
"[0, 1]",90,13,29,259
"[1, 0]",6,1,29,259
"[0.5, 0.5]",2223,3,29,259
"[0, 1]",2223,7,29,259
"[1, 0]",6,1,29,259
"[0.5, 0.5]",332,42,29,259
"[0, 1]",75,4,29,259
"[1, 0]",6,1,29,259
"[0.5, 0.5]",50,6,29,259
"[0, 1]",55,5,29,259
"[1, 0]",6,1,29,259
"[0.5, 0.5]",132,18,29,259
"[0, 1]",273,31,29,259
